title,source,lang,priority
English Grammar Basics,CSV,en,1
Advanced Startup Marketing Strategies,CSV,en,2
Docker & Container Tips,CSV,en,3
AI Tools for Productivity,CSV,en,1
Remote Work Best Practices,CSV,en,2
Marketing Automation Workflows,CSV,en,1
E-commerce SEO Tactics,CSV,en,2
Digital Advertising Trends 2025,CSV,en,3
Python Scripting for Beginners,CSV,en,1
ChatGPT & AI Copywriting,CSV,en,1
Content Marketing for SaaS,CSV,en,2
Affiliate Marketing Secrets,CSV,en,2
Time Management Hacks,CSV,en,1
No-Code Tools for Startups,CSV,en,3
Cybersecurity Essentials,CSV,en,2
Data Analysis with Python,CSV,en,2
Email Marketing Campaigns,CSV,en,2
UX Design Tips,CSV,en,3
Social Media Growth Strategies,CSV,en,2
Freelancing Tips for Beginners,CSV,en,1
Virtual Team Management,CSV,en,2
Business Analytics Basics,CSV,en,3
AI in Healthcare,CSV,en,1
Productivity Apps Comparison,CSV,en,1
Startup Funding Strategies,CSV,en,3
Cloud Computing Essentials,CSV,en,2
Machine Learning for Beginners,CSV,en,2
SEO Copywriting Tips,CSV,en,1
Digital Marketing KPIs,CSV,en,2
Content Repurposing Hacks,CSV,en,1
AI Writing Assistants,CSV,en,1
Growth Hacking Techniques,CSV,en,2
Python Automation Projects,CSV,en,3
Effective Presentation Skills,CSV,en,2
Remote Collaboration Tools,CSV,en,2
Customer Retention Strategies,CSV,en,2
Project Management Basics,CSV,en,2
Agile Methodology Tips,CSV,en,3
Video Marketing Trends,CSV,en,2
Voice Search Optimization,CSV,en,3
Influencer Marketing Tactics,CSV,en,2
Business Intelligence Tools,CSV,en,2
Chatbot Integration Tips,CSV,en,1
Marketing Analytics 101,CSV,en,2
Startup Legal Essentials,CSV,en,3
Personal Branding Tips,CSV,en,2
AI for E-commerce,CSV,en,1
Product Launch Checklist,CSV,en,3
CRM System Comparison,CSV,en,2
Tech Trends 2025,CSV,en,2
Email List Growth Strategies,CSV,en,1
Content Strategy Frameworks,CSV,en,2
Affiliate Program Optimization,CSV,en,2
Financial Modeling for Startups,CSV,en,3
Growth Metrics You Must Track,CSV,en,1
Conversion Rate Optimization Tips,CSV,en,2
User Onboarding Best Practices,CSV,en,1
Marketing Automation Tools,CSV,en,2
SEO Keyword Research Guide,CSV,en,1
Python Data Visualization,CSV,en,2
Web Analytics Basics,CSV,en,3
Startup Pitch Deck Examples,CSV,en,2
Remote Work Productivity Hacks,CSV,en,1
AI Content Generation Tips,CSV,en,1
E-commerce Platform Comparison,CSV,en,2
Freelance Marketplace Strategies,CSV,en,2
Productivity Mindset Techniques,CSV,en,1
Lead Generation Strategies,CSV,en,2
AI Customer Support Bots,CSV,en,1
Social Media Content Calendar,CSV,en,2
Marketing Funnel Optimization,CSV,en,2
Time-Saving Automation Tips,CSV,en,1
Python Scripting for Automation,CSV,en,3
Startup Growth Case Studies,CSV,en,2
Brand Storytelling Tips,CSV,en,2
Online Course Creation Strategies,CSV,en,1
Influencer Outreach Templates,CSV,en,1
Email Automation Workflows,CSV,en,2
Digital Marketing Tools Comparison,CSV,en,2
UX Research Methods,CSV,en,3
Website Speed Optimization,CSV,en,2
AI Productivity Tools Comparison,CSV,en,1
Freelance Contract Essentials,CSV,en,2
Marketing Campaign Analysis,CSV,en,2
Personal Productivity Systems,CSV,en,1
AI Trends in Marketing,CSV,en,1
Project Management Tools Review,CSV,en,2
Startup Customer Research,CSV,en,2
Content Repurposing Templates,CSV,en,1
Growth Hacking Case Studies,CSV,en,2
Python Automation Scripts,CSV,en,3
Effective Webinar Strategies,CSV,en,2
Remote Team Building Activities,CSV,en,2
Conversion Funnel Best Practices,CSV,en,1
Affiliate Marketing Campaigns,CSV,en,2
Email Newsletter Optimization,CSV,en,2
Digital Product Launch Tips,CSV,en,1
AI Chatbot Best Practices,CSV,en,1
Marketing Automation Examples,CSV,en,2
Content Marketing Analytics,CSV,en,2
E-commerce Sales Optimization,CSV,en,2
Startup Idea Validation,CSV,en,3
Online Advertising Budgeting,CSV,en,2
